Reference, Quantity, Value, Footprint, Datasheet, Part Number, Manufacturer, Package, Supplier, Order Code, Note, Alt. Supplier, Alt. Order Code
A1 ,1,ARDUINO_MKR1000,jakub:ARDUINO_MKR1000,
C1 C10 C11 C12 C13 C14 C2 C7 C8 C9 ,10,10u/25V,Capacitors_SMD:C_0805,,CC0805KKX5R8BB106,Yageo,0805,Farnell,1735530,10μF/25V 0805 X5R ceramic capacitor,Open Parts Library,302010178
C23 ,1,1u,Capacitors_SMD:C_0603,,CC0603KRX7R8BB105,Yageo,0603,Farnell,2496835,1µF/25V X7R 0603 ceramic capacitor,Open Parts Library,302010139
C25 C28 ,2,10p,Capacitors_SMD:C_0603,,CC0603JRNPO9BN100,Yageo,0603,Farnell,721967,10pF/50V C0G/NP0 0603 ceramic capacitor,Open Parts Library,
C15 C16 C17 C18 C19 C20 C21 C22 C24 C26 C27 C3 C5 C6 ,14,100n,Capacitors_SMD:C_0603,,CC0603KRX7R9BB104,Yageo,0603,Farnell,1362556,100nF/50V X7R 0603 ceramic capacitor,Open Parts Library,
C4 ,1,0.33F/5.5V,jakub:SD_CAP,,EECS0HD334VN,Panasonic,,Farnell,2472068,330mF/5.5V ⌀10.5mm backup capacitor,,
D1 D10 D13 D14 D2 D5 D6 D9 ,8,LED GREEN,LEDs:LED_0603,,19-217-G7C-AN1P2-3T,Everlight,0603,Farnell,8554609,Green 0603 LED,Open Parts Library,304090043
D11 D12 D15 D16 D17 D3 D4 D7 D8 ,9,1N5819,Diodes_SMD:SMA_Standard,,1N5819HW-7-F,Diodes,DO-214AC,Farnell,1773475,Schottky rectifier 40 V 1 A SOD-123,Open Parts Library,304020027
H1 H2 H3 H4 ,4,⌀3mm,Mounting_Holes:MountingHole_3.2mm_M3,,,,,Farnell,,,,
M1 M2 ,2,PT2272,Socket_Strips:Socket_Strip_Straight_1x07,
P1 ,1,4way mini DIN,jakub:MiniDIN4way,,2MJ-0402A110,Multicomp,,Farnell,1876291,4-way 7.5A power mini DIN connector,,
P11 P12 P13 P14 ,4,3pin 3.5mm jack,jakub:SUNTECH_ST-PJ-312,,ST-PJ-312,Suntech,SMD,Farnell,,3.5mm audio jack with switch,Open Parts Library,320040007
P2 ,1,4way connector,jakub:JST_PH_04way_vert,,1125S-4P,Taifeng,SIP-4,Open Parts Library,320110033,Grove connector,Farnell,9492437
P10 P3 P4 P5 P6 P7 P8 P9 ,8,GS009S,Connect:AK300-2,,GS009S-5.0-02P-1,GOOSVN,5mm pitch,Farnell,2493622,5mm 2way screw terminal,Open Parts Library,320110028
Q1 ,1,CJ2302,TO_SOT_Packages_SMD:SOT-23,,CJ2302,JCET,SOT23,Farnell,1299316,N-channel MOSFET 20V/2.1A,Open Parts Library,305030015
Q10 ,1,FDN340P,TO_SOT_Packages_SMD:SOT-23,,FDN340P,Fairchild Semiconductor,SOT-23,Farnell,9846310,Single P-channel logic level PowerTrench MOSFET,Open Parts Library,305030026
Q2 Q3 Q4 Q5 Q6 Q7 Q8 Q9 ,8,PSMN6R0,SMD_Packages:SO-8_PowerPAK_Vishay_Single,,PSMN6R0-30YLB,NXP,Power-SO8,Farnell,2067550,N-channel 30V 70A LFPAK MOSFET,,
R1 R11 R12 R15 R16 R21 R3 R4 R7 R8 ,10,560k,Resistors_SMD:R_0603,,RC0603JR-07560KL,Yageo,0603,Farnell,9233717,560kΩ/5% 0603 resistor,Open Parts Library,301010230
R19 R20 R22 R23 R25 R27 ,6,1k5,Resistors_SMD:R_0603,,RC0603JR-071K5L,Yageo,0603,Farnell,9233407,1.5kΩ/1% 0603 resistor,Open Parts Library,301010114
R10 R13 R14 R17 R18 R2 R5 R6 R9 ,9,10k,Resistors_SMD:R_0603,,RC0603FR-0710KL,Yageo,0603,Farnell,9238603,10kΩ/1% 0603 resistor,Open Parts Library,301010299
R24 ,1,220R,Resistors_SMD:R_0603,,RC0603JR-07220RL,Yageo,0603,Farnell,9233296 ,220Ω/1% 0603 resistor,Open Parts Library,301010163
R26 R28 ,2,3k,Resistors_SMD:R_0603,,RC0603FR-073KL,Yageo,0603,Farnell,9330976,3kΩ/1% 0603 resistor,Open Parts Library,
U1 ,1,DS1339,Housings_SSOP:MSOP-8_3x3mm_Pitch0.65mm,,DS1339U-33+T&R,Maxim,USOP-8,Farnell,2515464,I2C serial real-time clock,,
U2 ,1,24AA16T,TO_SOT_Packages_SMD:SOT-23-5,,24AA16T-I/OT,Microchip,SOT23-5,Farnell,1331290,16k I2C serial EEPROM,,
U3 ,1,74AHCT244,Housings_SSOP:TSSOP-20_4.4x6.5mm_Pitch0.65mm,,SN74AHCT244PW,Texas Instruments,TSSOP-20,Farnell,9590706,Octal buffers/drivers with 3-state outputs,,
U4 ,1,MCP9700,TO_SOT_Packages_SMD:SOT-23,,MCP9700AT-E/TT,Microchip,SOT-23,Farnell,1605577,Low-power linear active thermistor IC,,
U5 ,1,74AHC1G02,TO_SOT_Packages_SMD:SC-70-5,,SN74AHC1G02DCKR,Texas Instruments,SC-70,Farnell,1287442,NOR gate 2-input,,
U6 ,1,74HCT165,Housings_SOIC:SOIC-16_3.9x9.9mm_Pitch1.27mm,,CD74HCT165M96,Texas Instruments,SO-16,Farnell,2407147,8-bit parallel-to-serial shift register,,
U7 ,1,74AHCT1G125,TO_SOT_Packages_SMD:SC-70-5,,SN74AHCT1G125DCKT,Texas Instruments,SC-70,Farnell,1470731,Buffer non-inverting 3-state,,
Y1 ,1,32.768kHz,Crystals:Crystal_SMD_5032_2Pads,,FC-135,Xinhunjing,1206,Farnell,2467864,32768Hz 1206 7pF crystal,Open Parts Library,306010055